<?xml version="1.0" encoding="UTF-8"?>
<mime-info xmlns="http://www.freedesktop.org/standards/shared-mime-info">
    <mime-type type="application/x-godot-shader">
        <sub-class-of type="text/plain"/>
        <comment>Godot Shader File</comment>
        <glob pattern="*.gdshader"/>
        <glob pattern="*.shader"/>
        <icon name="application-x-godot-shader"/>
    </mime-type>

    <mime-type type="application/x-godot-scene">
        <comment>Godot Engine Scene</comment>
        <glob pattern="*.tscn"/>
        <glob pattern="*.scn"/>
        <glob pattern="*.escn"/>
        <icon name="application-x-godot-scene"/>
    </mime-type>

    <mime-type type="application/x-godot-resource">
        <comment>Godot Engine Resource</comment>
        <glob pattern="*.res"/>
        <glob pattern="*.tres"/>
        <icon name="application-x-godot-resource"/>
    </mime-type>

    <mime-type type="application/x-godot-project">
        <sub-class-of type="text/plain"/>
        <comment>Godot Engine Project</comment>
        <glob pattern="*.gdproject"/>
        <glob pattern="*.godot"/>
        <icon name="application-x-godot-project"/>
    </mime-type>

    <mime-type type="application/x-gdscript">
        <sub-class-of type="text/plain"/>
        <comment>GDScript Script</comment>
        <glob pattern="*.gd"/>
        <icon name="application-x-gdscript"/>
    </mime-type>
</mime-info>
