<?xml version="1.0" encoding="UTF-8"?>
<component type="desktop-application">
  <id>org.librepcb.LibrePCB</id>
  <metadata_license>CC0-1.0</metadata_license>
  <project_license>GPL-3.0</project_license>
  <name>LibrePCB</name>
  <summary>Design Schematics and PCBs</summary>
  <developer_name>The LibrePCB Developers</developer_name>
  <developer id="org.librepcb">
    <name>The LibrePCB Developers</name>
  </developer>

  <description>
    <p>LibrePCB is a free electronic design automation (EDA) software for developing printed circuit boards (PCBs).</p>
    <p>Key Features:</p>
    <ul>
      <li>Cross-platform (Unix/Linux, macOS, Windows)</li>
      <li>All-in-one package (project management, library/schematic/board editors)</li>
      <li>Intuitive, modern and easy-to-use graphical user interface</li>
      <li>Very powerful library design with some innovative concepts</li>
      <li>Human-readable file formats</li>
    </ul>
  </description>

  <screenshots>
    <screenshot type="default">
      <caption>Control panel, board editor and schematic editor</caption>
      <image>https://github.com/LibrePCB/librepcb-doc/blob/b5488bb1dd8473d33110e744023e3ca14d796db1/about/img/screenshot.png?raw=true</image>
    </screenshot>
    <screenshot>
      <caption>Control panel</caption>
      <image>https://github.com/LibrePCB/librepcb-website/blob/5be4a16236c62ac587ead7d0d535d75d91c27f60/static/img/control_panel.png?raw=true</image>
    </screenshot>
    <screenshot>
      <caption>Schematic Editor</caption>
      <image>https://github.com/LibrePCB/librepcb-website/blob/5be4a16236c62ac587ead7d0d535d75d91c27f60/static/img/schematic_editor.png?raw=true</image>
    </screenshot>
    <screenshot>
      <caption>Board editor</caption>
      <image>https://github.com/LibrePCB/librepcb-website/blob/5be4a16236c62ac587ead7d0d535d75d91c27f60/static/img/board_editor.png?raw=true</image>
    </screenshot>
    <screenshot>
      <caption>Library browser</caption>
      <image>https://github.com/LibrePCB/librepcb-website/blob/5be4a16236c62ac587ead7d0d535d75d91c27f60/static/img/add_component_dialog.png?raw=true</image>
    </screenshot>
    <screenshot>
      <caption>Library manager</caption>
      <image>https://github.com/LibrePCB/librepcb-website/blob/5be4a16236c62ac587ead7d0d535d75d91c27f60/static/img/library_manager.png?raw=true</image>
    </screenshot>
  </screenshots>

  <keywords>
    <keyword translate="no">EDA</keyword>
    <keyword translate="no">PCB</keyword>
    <keyword translate="no">PCBs</keyword>
    <keyword>electronics</keyword>
    <keyword>schematics</keyword>
  </keywords>

  <url type="homepage">https://librepcb.org</url>
  <url type="bugtracker">https://github.com/LibrePCB/LibrePCB/issues</url>
  <url type="faq">https://librepcb.org/faq/</url>
  <url type="help">https://librepcb.org/docs/</url>
  <url type="donation">https://librepcb.org/donate/</url>
  <url type="translate">https://explore.transifex.com/librepcb/librepcb-application/</url>
  <url type="contact">https://librepcb.org/contact/</url>
  <url type="vcs-browser">https://github.com/LibrePCB/LibrePCB</url>
  <url type="contribute">https://librepcb.org/contribute/</url>

  <provides>
    <binary>librepcb</binary>
    <binary>librepcb-cli</binary>
  </provides>

  <launchable type="desktop-id">org.librepcb.LibrePCB.desktop</launchable>

  <releases>
    <!--
      NOTES:
        - Remove development releases when stable release is ready!
        - For prereleases, use tilde instead of dash (e.g. "1.0.0~rc1")!
    -->
    <release version="1.1.0" date="2024-04-03" type="stable">
      <description>
        <p>Highlights:</p>
        <ul>
          <li>Live part information (prices, stock availability, ...)</li>
          <li>EAGLE project import</li>
          <li>Interactive device pinout assignment</li>
          <li>Improved support for dark themes</li>
          <li>Various bugfixes &amp; usability improvements</li>
        </ul>
      </description>
      <url type="details">https://librepcb.org/blog/2024-04-03_release_1.1.0/</url>
    </release>
    <release version="1.0.0" date="2023-09-24" type="stable">
      <description>
        <p>Highlights:</p>
        <ul>
          <li>3D viewer &amp; STEP export</li>
          <li>MPN management &amp; assembly variants</li>
          <li>Unified production data files generator</li>
          <li>Thermal relief pads in planes</li>
          <li>Blind &amp; buried vias</li>
          <li>Plated and non-plated slots</li>
          <li>Keepout zones</li>
          <li>Rounded and custom footprint pad shapes</li>
        </ul>
      </description>
      <url type="details">https://librepcb.org/blog/2023-09-24_release_1.0.0/</url>
    </release>
    <release version="0.1.7" date="2022-10-03" type="stable">
      <description>
        <p>Highlights:</p>
        <ul>
          <li>Measure tool in all editors</li>
          <li>EAGLE library import</li>
          <li>Powerful print/PDF/image export</li>
          <li>Gerber X3 pick&amp;place export</li>
          <li>Improved, configurable keyboard shortcuts</li>
          <li>Many usability improvements</li>
          <li>Various bugfixes</li>
        </ul>
      </description>
      <url type="details">https://librepcb.org/blog/2022-10-03_release_0.1.7/</url>
    </release>
    <release version="0.1.6" date="2021-11-02" type="stable">
      <description>
        <p>Highlights:</p>
        <ul>
          <li>Start the PCB order process with LibrePCB Fab</li>
          <li>DXF import</li>
          <li>Many usability improvements</li>
          <li>Various bugfixes</li>
        </ul>
      </description>
      <url type="details">https://librepcb.org/blog/2021-11-02_release_0.1.6/</url>
    </release>
    <release version="0.1.5" date="2020-10-04" type="stable">
      <description>
        <p>Highlights:</p>
        <ul>
          <li>Copy&amp;Paste in Boards and Schematics</li>
          <li>Many Usability Improvements</li>
          <li>Various Bugfixes</li>
        </ul>
      </description>
      <url type="details">https://librepcb.org/blog/2020-10-04_release_0.1.5/</url>
    </release>
    <release version="0.1.4" date="2020-05-03" type="stable">
      <description>
        <p>Highlights:</p>
        <ul>
          <li>Many Usability Improvements</li>
          <li>Pick&amp;Place CSV Export</li>
          <li>SVG Export</li>
        </ul>
      </description>
      <url type="details">https://librepcb.org/blog/2020-05-03_release_0.1.4/</url>
    </release>
    <release version="0.1.3" date="2019-11-30" type="stable">
      <description>
        <p>Highlights:</p>
        <ul>
          <li>Design rule check for boards</li>
          <li>BOM export to CSV</li>
          <li>Export boards to PDF</li>
        </ul>
      </description>
      <url type="details">https://librepcb.org/blog/2019-11-30_release_0.1.3/</url>
    </release>
    <release version="0.1.2" date="2019-07-14" type="stable">
      <description>
        <p>Highlights:</p>
        <ul>
          <li>Support latest build environments (GCC 9.x and Qt 5.13)</li>
          <li>Improved table widgets</li>
        </ul>
      </description>
      <url type="details">https://librepcb.org/blog/2019-07-14_release_0.1.2/</url>
    </release>
    <release version="0.1.1" date="2019-04-21" type="stable">
      <description>
        <p>Highlights:</p>
        <ul>
          <li>Design rule check for library elements</li>
          <li>More powerful symbol variants</li>
          <li>Transactional file system</li>
        </ul>
      </description>
      <url type="details">https://librepcb.org/blog/2019-04-21_release_0.1.1/</url>
    </release>
    <release version="0.1.0" date="2018-11-25" type="stable">
      <description>
        <p>The first stable release!</p>
      </description>
      <url type="details">https://librepcb.org/blog/2018-11-25_release_0.1.0/</url>
    </release>
  </releases>

  <content_rating type="oars-1.1"/>
</component>
